{
    "aux-param-autoexposure-setpoint": "1536",
    "aux-param-colorcorrection1": "0.298828",
    "aux-param-colorcorrection10": "0",
    "aux-param-colorcorrection11": "0",
    "aux-param-colorcorrection12": "0",
    "aux-param-colorcorrection2": "0.293945",
    "aux-param-colorcorrection3": "0.293945",
    "aux-param-colorcorrection4": "0.114258",
    "aux-param-colorcorrection5": "0",
    "aux-param-colorcorrection6": "0",
    "aux-param-colorcorrection7": "0",
    "aux-param-colorcorrection8": "0",
    "aux-param-colorcorrection9": "0",
    "aux-param-depthclampmax": "65534",
    "aux-param-depthclampmin": "0",
    "aux-param-disparityshift": "0",
    "controls-autoexposure-auto": "True",
    "controls-autoexposure-manual": "8500",
    "controls-depth-gain": "16",
    "ignoreSAD": "0",
    "param-autoexposure-setpoint": "1536",
    "param-censusenablereg-udiameter": "6",
    "param-censusenablereg-vdiameter": "7",
    "param-censususize": "6",
    "param-censusvsize": "7",
    "param-depthclampmax": "65534",
    "param-depthclampmin": "0",
    "param-depthunits": "1000",
    "param-disableraucolor": "0",
    "param-disablesadcolor": "0",
    "param-disablesadnormalize": "0",
    "param-disablesloleftcolor": "0",
    "param-disableslorightcolor": "0",
    "param-disparitymode": "0",
    "param-disparityshift": "0",
    "param-lambdaad": "630",
    "param-lambdacensus": "26",
    "param-leftrightthreshold": "18",
    "param-maxscorethreshb": "2047",
    "param-medianthreshold": "347",
    "param-minscorethresha": "80",
    "param-neighborthresh": "82",
    "param-raumine": "3",
    "param-rauminn": "1",
    "param-rauminnssum": "6",
    "param-raumins": "2",
    "param-rauminw": "2",
    "param-rauminwesum": "3",
    "param-regioncolorthresholdb": "0.0254403",
    "param-regioncolorthresholdg": "0.954012",
    "param-regioncolorthresholdr": "0.0283757",
    "param-regionshrinku": "4",
    "param-regionshrinkv": "1",
    "param-robbinsmonrodecrement": "15",
    "param-robbinsmonroincrement": "5",
    "param-rsmdiffthreshold": "3.34375",
    "param-rsmrauslodiffthreshold": "0.96875",
    "param-rsmremovethreshold": "0.666667",
    "param-scanlineedgetaub": "442",
    "param-scanlineedgetaug": "16",
    "param-scanlineedgetaur": "770",
    "param-scanlinep1": "21",
    "param-scanlinep1onediscon": "3",
    "param-scanlinep1twodiscon": "27",
    "param-scanlinep2": "182",
    "param-scanlinep2onediscon": "41",
    "param-scanlinep2twodiscon": "63",
    "param-secondpeakdelta": "205",
    "param-texturecountthresh": "0",
    "param-texturedifferencethresh": "3474",
    "param-usersm": "1",
    "param-zunits": "1000",
    "stream-depth-format": "Z16",
    "stream-fps": "15",
    "stream-height": "480",
    "stream-width": "640"
}
